short_date,weekday,draw_date,jackpot,main_numbers,euro_numbers,Match,# of winners,prize / winner,prize fund
04.01.2013,Friday,"Friday, 4th January 2013",,06 20 29 40 45,05 08,5 + 2,0,€,€0
04.01.2013,Friday,"Friday, 4th January 2013",,06 20 29 40 45,05 08,5 + 1,2,"€193,950.10","€387,900"
04.01.2013,Friday,"Friday, 4th January 2013",,06 20 29 40 45,05 08,5 + 0,2,"€50,427.00","€100,854"
04.01.2013,Friday,"Friday, 4th January 2013",,06 20 29 40 45,05 08,4 + 2,30,"€3,103.20","€93,096"
04.01.2013,Friday,"Friday, 4th January 2013",,06 20 29 40 45,05 08,4 + 1,245,€300.80,"€73,696"
04.01.2013,Friday,"Friday, 4th January 2013",,06 20 29 40 45,05 08,4 + 0,343,€135.70,"€46,545"
04.01.2013,Friday,"Friday, 4th January 2013",,06 20 29 40 45,05 08,3 + 2,985,€66.90,"€65,897"
04.01.2013,Friday,"Friday, 4th January 2013",,06 20 29 40 45,05 08,2 + 2,"12,021",€26.40,"€317,354"
04.01.2013,Friday,"Friday, 4th January 2013",,06 20 29 40 45,05 08,3 + 1,"15,343",€17.70,"€271,571"
04.01.2013,Friday,"Friday, 4th January 2013",,06 20 29 40 45,05 08,3 + 0,"15,485",€17.70,"€274,085"
04.01.2013,Friday,"Friday, 4th January 2013",,06 20 29 40 45,05 08,1 + 2,"87,574",€10.60,"€928,284"
04.01.2013,Friday,"Friday, 4th January 2013",,06 20 29 40 45,05 08,2 + 1,"193,691",€9.10,"€1,762,588"
11.01.2013,Friday,"Friday, 11th January 2013",,06 31 37 41 49,02 03,5 + 2,0,€,€0
11.01.2013,Friday,"Friday, 11th January 2013",,06 31 37 41 49,02 03,5 + 1,0,€0.00,€0
11.01.2013,Friday,"Friday, 11th January 2013",,06 31 37 41 49,02 03,5 + 0,3,"€35,989.00","€107,967"
11.01.2013,Friday,"Friday, 11th January 2013",,06 31 37 41 49,02 03,4 + 2,22,"€4,530.00","€99,660"
11.01.2013,Friday,"Friday, 11th January 2013",,06 31 37 41 49,02 03,4 + 1,241,€327.30,"€78,879"
11.01.2013,Friday,"Friday, 11th January 2013",,06 31 37 41 49,02 03,4 + 0,349,€142.70,"€49,802"
11.01.2013,Friday,"Friday, 11th January 2013",,06 31 37 41 49,02 03,3 + 2,942,€74.90,"€70,556"
11.01.2013,Friday,"Friday, 11th January 2013",,06 31 37 41 49,02 03,2 + 2,"13,312",€25.50,"€339,456"
11.01.2013,Friday,"Friday, 11th January 2013",,06 31 37 41 49,02 03,3 + 1,"13,886",€20.60,"€286,052"
11.01.2013,Friday,"Friday, 11th January 2013",,06 31 37 41 49,02 03,3 + 0,"15,432",€19.30,"€297,838"
11.01.2013,Friday,"Friday, 11th January 2013",,06 31 37 41 49,02 03,1 + 2,"82,355",€12.10,"€996,496"
11.01.2013,Friday,"Friday, 11th January 2013",,06 31 37 41 49,02 03,2 + 1,"219,825",€8.60,"€1,890,495"
18.01.2013,Friday,"Friday, 18th January 2013","€27,000,000",09 13 21 28 45,06 07,5 + 2,0,"€27,000,000","€27,000,000"
18.01.2013,Friday,"Friday, 18th January 2013","€27,000,000",09 13 21 28 45,06 07,5 + 1,2,"€426,215.30","€852,431"
18.01.2013,Friday,"Friday, 18th January 2013","€27,000,000",09 13 21 28 45,06 07,5 + 0,2,"€56,832.30","€113,665"
18.01.2013,Friday,"Friday, 18th January 2013","€27,000,000",09 13 21 28 45,06 07,4 + 2,26,"€4,035.40","€104,920"
18.01.2013,Friday,"Friday, 18th January 2013","€27,000,000",09 13 21 28 45,06 07,4 + 1,616,€134.80,"€83,037"
18.01.2013,Friday,"Friday, 18th January 2013","€27,000,000",09 13 21 28 45,06 07,4 + 0,610,€86.00,"€52,460"
18.01.2013,Friday,"Friday, 18th January 2013","€27,000,000",09 13 21 28 45,06 07,3 + 2,"1,223",€60.70,"€74,236"
18.01.2013,Friday,"Friday, 18th January 2013","€27,000,000",09 13 21 28 45,06 07,2 + 2,"21,742",€16.80,"€365,266"
18.01.2013,Friday,"Friday, 18th January 2013","€27,000,000",09 13 21 28 45,06 07,3 + 1,"17,491",€16.80,"€293,849"
18.01.2013,Friday,"Friday, 18th January 2013","€27,000,000",09 13 21 28 45,06 07,3 + 0,"24,478",€12.80,"€313,318"
18.01.2013,Friday,"Friday, 18th January 2013","€27,000,000",09 13 21 28 45,06 07,1 + 2,"87,233",€12.00,"€1,046,796"
18.01.2013,Friday,"Friday, 18th January 2013","€27,000,000",09 13 21 28 45,06 07,2 + 1,"284,454",€7.00,"€1,991,178"
25.01.2013,Friday,"Friday, 25th January 2013","€29,540,642",04 13 28 37 38,07 08,5 + 2,1,"€29,540,642","€29,540,642"
25.01.2013,Friday,"Friday, 25th January 2013","€29,540,642",04 13 28 37 38,07 08,5 + 1,2,"€293,477.60","€586,955"
25.01.2013,Friday,"Friday, 25th January 2013","€29,540,642",04 13 28 37 38,07 08,5 + 0,0,€0.00,€0
25.01.2013,Friday,"Friday, 25th January 2013","€29,540,642",04 13 28 37 38,07 08,4 + 2,38,"€3,707.00","€140,866"
25.01.2013,Friday,"Friday, 25th January 2013","€29,540,642",04 13 28 37 38,07 08,4 + 1,591,€188.60,"€111,463"
25.01.2013,Friday,"Friday, 25th January 2013","€29,540,642",04 13 28 37 38,07 08,4 + 0,691,€101.90,"€70,413"
25.01.2013,Friday,"Friday, 25th January 2013","€29,540,642",04 13 28 37 38,07 08,3 + 2,"1,652",€60.40,"€99,781"
25.01.2013,Friday,"Friday, 25th January 2013","€29,540,642",04 13 28 37 38,07 08,2 + 2,"26,275",€18.30,"€480,833"
25.01.2013,Friday,"Friday, 25th January 2013","€29,540,642",04 13 28 37 38,07 08,3 + 1,"24,079",€16.80,"€404,527"
25.01.2013,Friday,"Friday, 25th January 2013","€29,540,642",04 13 28 37 38,07 08,3 + 0,"30,329",€13.90,"€421,573"
25.01.2013,Friday,"Friday, 25th January 2013","€29,540,642",04 13 28 37 38,07 08,1 + 2,"124,435",€11.30,"€1,406,116"
25.01.2013,Friday,"Friday, 25th January 2013","€29,540,642",04 13 28 37 38,07 08,2 + 1,"374,901",€7.10,"€2,661,797"
01.02.2013,Friday,"Friday, 1st February 2013","€10,000,000",02 04 14 26 29,06 07,5 + 2,0,"€10,000,000","€10,000,000"
01.02.2013,Friday,"Friday, 1st February 2013","€10,000,000",02 04 14 26 29,06 07,5 + 1,1,"€393,141.60","€393,142"
01.02.2013,Friday,"Friday, 1st February 2013","€10,000,000",02 04 14 26 29,06 07,5 + 0,2,"€127,412.50","€254,825"
01.02.2013,Friday,"Friday, 1st February 2013","€10,000,000",02 04 14 26 29,06 07,4 + 2,28,"€3,369.70","€94,352"
01.02.2013,Friday,"Friday, 1st February 2013","€10,000,000",02 04 14 26 29,06 07,4 + 1,386,€193.50,"€74,691"
01.02.2013,Friday,"Friday, 1st February 2013","€10,000,000",02 04 14 26 29,06 07,4 + 0,511,€92.30,"€47,165"
01.02.2013,Friday,"Friday, 1st February 2013","€10,000,000",02 04 14 26 29,06 07,3 + 2,"1,091",€61.20,"€66,769"
01.02.2013,Friday,"Friday, 1st February 2013","€10,000,000",02 04 14 26 29,06 07,2 + 2,"17,442",€18.40,"€320,933"
01.02.2013,Friday,"Friday, 1st February 2013","€10,000,000",02 04 14 26 29,06 07,3 + 1,"15,252",€17.70,"€269,960"
01.02.2013,Friday,"Friday, 1st February 2013","€10,000,000",02 04 14 26 29,06 07,3 + 0,"21,412",€13.20,"€282,638"
01.02.2013,Friday,"Friday, 1st February 2013","€10,000,000",02 04 14 26 29,06 07,1 + 2,"76,471",€12.30,"€940,593"
01.02.2013,Friday,"Friday, 1st February 2013","€10,000,000",02 04 14 26 29,06 07,2 + 1,"240,472",€7.50,"€1,803,540"
08.02.2013,Friday,"Friday, 8th February 2013","€11,000,000",12 14 17 27 43,01 07,5 + 2,0,"€11,000,000","€11,000,000"
08.02.2013,Friday,"Friday, 8th February 2013","€11,000,000",12 14 17 27 43,01 07,5 + 1,1,"€377,815.80","€377,816"
08.02.2013,Friday,"Friday, 8th February 2013","€11,000,000",12 14 17 27 43,01 07,5 + 0,2,"€49,116.00","€98,232"
08.02.2013,Friday,"Friday, 8th February 2013","€11,000,000",12 14 17 27 43,01 07,4 + 2,35,"€2,590.70","€90,675"
08.02.2013,Friday,"Friday, 8th February 2013","€11,000,000",12 14 17 27 43,01 07,4 + 1,377,€190.40,"€71,781"
08.02.2013,Friday,"Friday, 8th February 2013","€11,000,000",12 14 17 27 43,01 07,4 + 0,496,€91.40,"€45,334"
08.02.2013,Friday,"Friday, 8th February 2013","€11,000,000",12 14 17 27 43,01 07,3 + 2,"1,264",€50.80,"€64,211"
08.02.2013,Friday,"Friday, 8th February 2013","€11,000,000",12 14 17 27 43,01 07,2 + 2,"17,316",€17.80,"€308,225"
08.02.2013,Friday,"Friday, 8th February 2013","€11,000,000",12 14 17 27 43,01 07,3 + 1,"18,823",€13.80,"€259,757"
08.02.2013,Friday,"Friday, 8th February 2013","€11,000,000",12 14 17 27 43,01 07,3 + 0,"22,161",€12.20,"€270,364"
08.02.2013,Friday,"Friday, 8th February 2013","€11,000,000",12 14 17 27 43,01 07,1 + 2,"90,603",€10.00,"€906,030"
08.02.2013,Friday,"Friday, 8th February 2013","€11,000,000",12 14 17 27 43,01 07,2 + 1,"239,661",€7.20,"€1,725,559"
15.02.2013,Friday,"Friday, 15th February 2013","€13,000,000",04 09 26 32 40,03 05,5 + 2,0,"€13,000,000","€13,000,000"
15.02.2013,Friday,"Friday, 15th February 2013","€13,000,000",04 09 26 32 40,03 05,5 + 1,1,"€377,593.00","€377,593"
15.02.2013,Friday,"Friday, 15th February 2013","€13,000,000",04 09 26 32 40,03 05,5 + 0,2,"€49,087.00","€98,174"
15.02.2013,Friday,"Friday, 15th February 2013","€13,000,000",04 09 26 32 40,03 05,4 + 2,27,"€3,356.30","€90,620"
15.02.2013,Friday,"Friday, 15th February 2013","€13,000,000",04 09 26 32 40,03 05,4 + 1,316,€227.00,"€71,732"
15.02.2013,Friday,"Friday, 15th February 2013","€13,000,000",04 09 26 32 40,03 05,4 + 0,387,€117.00,"€45,279"
15.02.2013,Friday,"Friday, 15th February 2013","€13,000,000",04 09 26 32 40,03 05,3 + 2,"1,288",€49.80,"€64,142"
15.02.2013,Friday,"Friday, 15th February 2013","€13,000,000",04 09 26 32 40,03 05,2 + 2,"14,247",€21.70,"€309,160"
15.02.2013,Friday,"Friday, 15th February 2013","€13,000,000",04 09 26 32 40,03 05,3 + 1,"20,682",€14.00,"€289,548"
15.02.2013,Friday,"Friday, 15th February 2013","€13,000,000",04 09 26 32 40,03 05,3 + 0,"17,136",€14.00,"€239,904"
15.02.2013,Friday,"Friday, 15th February 2013","€13,000,000",04 09 26 32 40,03 05,1 + 2,"115,346",€8.00,"€922,768"
15.02.2013,Friday,"Friday, 15th February 2013","€13,000,000",04 09 26 32 40,03 05,2 + 1,"211,971",€8.00,"€1,695,768"
22.02.2013,Friday,"Friday, 22nd February 2013","€15,000,000",03 13 41 46 49,03 08,5 + 2,0,"€15,000,000","€15,000,000"
22.02.2013,Friday,"Friday, 22nd February 2013","€15,000,000",03 13 41 46 49,03 08,5 + 1,1,"€380,823.40","€380,823"
22.02.2013,Friday,"Friday, 22nd February 2013","€15,000,000",03 13 41 46 49,03 08,5 + 0,2,"€49,507.00","€99,014"
22.02.2013,Friday,"Friday, 22nd February 2013","€15,000,000",03 13 41 46 49,03 08,4 + 2,19,"€4,810.40","€91,398"
22.02.2013,Friday,"Friday, 22nd February 2013","€15,000,000",03 13 41 46 49,03 08,4 + 1,251,€288.20,"€72,338"
22.02.2013,Friday,"Friday, 22nd February 2013","€15,000,000",03 13 41 46 49,03 08,4 + 0,351,€130.10,"€45,665"
22.02.2013,Friday,"Friday, 22nd February 2013","€15,000,000",03 13 41 46 49,03 08,3 + 2,"1,135",€57.00,"€64,695"
22.02.2013,Friday,"Friday, 22nd February 2013","€15,000,000",03 13 41 46 49,03 08,2 + 2,"13,731",€22.70,"€311,694"
22.02.2013,Friday,"Friday, 22nd February 2013","€15,000,000",03 13 41 46 49,03 08,3 + 1,"18,543",€15.70,"€291,125"
22.02.2013,Friday,"Friday, 22nd February 2013","€15,000,000",03 13 41 46 49,03 08,3 + 0,"15,599",€15.70,"€244,904"
22.02.2013,Friday,"Friday, 22nd February 2013","€15,000,000",03 13 41 46 49,03 08,1 + 2,"98,821",€9.20,"€909,153"
22.02.2013,Friday,"Friday, 22nd February 2013","€15,000,000",03 13 41 46 49,03 08,2 + 1,"217,775",€8.00,"€1,742,200"
01.03.2013,Friday,"Friday, 1st March 2013","€17,000,000",19 28 29 34 44,01 05,5 + 2,0,"€17,000,000","€17,000,000"
01.03.2013,Friday,"Friday, 1st March 2013","€17,000,000",19 28 29 34 44,01 05,5 + 1,0,€0.00,€0
01.03.2013,Friday,"Friday, 1st March 2013","€17,000,000",19 28 29 34 44,01 05,5 + 0,2,"€52,220.90","€104,442"
01.03.2013,Friday,"Friday, 1st March 2013","€17,000,000",19 28 29 34 44,01 05,4 + 2,32,"€3,012.70","€96,406"
01.03.2013,Friday,"Friday, 1st March 2013","€17,000,000",19 28 29 34 44,01 05,4 + 1,313,€243.80,"€76,309"
01.03.2013,Friday,"Friday, 1st March 2013","€17,000,000",19 28 29 34 44,01 05,4 + 0,423,€113.90,"€48,180"
01.03.2013,Friday,"Friday, 1st March 2013","€17,000,000",19 28 29 34 44,01 05,3 + 2,"1,139",€59.90,"€68,226"
01.03.2013,Friday,"Friday, 1st March 2013","€17,000,000",19 28 29 34 44,01 05,2 + 2,"13,904",€23.60,"€328,134"
01.03.2013,Friday,"Friday, 1st March 2013","€17,000,000",19 28 29 34 44,01 05,3 + 1,"17,895",€15.40,"€275,583"
01.03.2013,Friday,"Friday, 1st March 2013","€17,000,000",19 28 29 34 44,01 05,3 + 0,"19,194",€15.00,"€287,910"
01.03.2013,Friday,"Friday, 1st March 2013","€17,000,000",19 28 29 34 44,01 05,1 + 2,"97,525",€9.80,"€955,745"
01.03.2013,Friday,"Friday, 1st March 2013","€17,000,000",19 28 29 34 44,01 05,2 + 1,"220,927",€8.30,"€1,833,694"
08.03.2013,Friday,"Friday, 8th March 2013","€21,000,000",10 12 14 30 43,02 05,5 + 2,0,"€21,000,000","€21,000,000"
08.03.2013,Friday,"Friday, 8th March 2013","€21,000,000",10 12 14 30 43,02 05,5 + 1,5,"€165,522.30","€827,612"
08.03.2013,Friday,"Friday, 8th March 2013","€21,000,000",10 12 14 30 43,02 05,5 + 0,1,"€110,737.10","€110,737"
08.03.2013,Friday,"Friday, 8th March 2013","€21,000,000",10 12 14 30 43,02 05,4 + 2,40,"€2,555.40","€102,216"
08.03.2013,Friday,"Friday, 8th March 2013","€21,000,000",10 12 14 30 43,02 05,4 + 1,344,€235.20,"€80,909"
08.03.2013,Friday,"Friday, 8th March 2013","€21,000,000",10 12 14 30 43,02 05,4 + 0,489,€104.50,"€51,101"
08.03.2013,Friday,"Friday, 8th March 2013","€21,000,000",10 12 14 30 43,02 05,3 + 2,"1,588",€45.50,"€72,254"
08.03.2013,Friday,"Friday, 8th March 2013","€21,000,000",10 12 14 30 43,02 05,2 + 2,"17,371",€20.10,"€349,157"
08.03.2013,Friday,"Friday, 8th March 2013","€21,000,000",10 12 14 30 43,02 05,3 + 1,"23,201",€13.40,"€310,893"
08.03.2013,Friday,"Friday, 8th March 2013","€21,000,000",10 12 14 30 43,02 05,3 + 0,"21,514",€13.40,"€288,288"
08.03.2013,Friday,"Friday, 8th March 2013","€21,000,000",10 12 14 30 43,02 05,1 + 2,"121,824",€8.30,"€1,011,139"
08.03.2013,Friday,"Friday, 8th March 2013","€21,000,000",10 12 14 30 43,02 05,2 + 1,"256,451",€7.60,"€1,949,028"
15.03.2013,Friday,"Friday, 15th March 2013","€25,000,000",04 30 32 41 50,05 07,5 + 2,0,"€25,000,000","€25,000,000"
15.03.2013,Friday,"Friday, 15th March 2013","€25,000,000",04 30 32 41 50,05 07,5 + 1,0,€0.00,€0
15.03.2013,Friday,"Friday, 15th March 2013","€25,000,000",04 30 32 41 50,05 07,5 + 0,1,"€117,660.40","€117,660"
15.03.2013,Friday,"Friday, 15th March 2013","€25,000,000",04 30 32 41 50,05 07,4 + 2,29,"€3,745.10","€108,608"
15.03.2013,Friday,"Friday, 15th March 2013","€25,000,000",04 30 32 41 50,05 07,4 + 1,266,€323.20,"€85,971"
15.03.2013,Friday,"Friday, 15th March 2013","€25,000,000",04 30 32 41 50,05 07,4 + 0,342,€158.70,"€54,275"
15.03.2013,Friday,"Friday, 15th March 2013","€25,000,000",04 30 32 41 50,05 07,3 + 2,"1,253",€61.30,"€76,809"
15.03.2013,Friday,"Friday, 15th March 2013","€25,000,000",04 30 32 41 50,05 07,2 + 2,"14,020",€26.40,"€370,128"
15.03.2013,Friday,"Friday, 15th March 2013","€25,000,000",04 30 32 41 50,05 07,3 + 1,"18,647",€17.80,"€331,917"
15.03.2013,Friday,"Friday, 15th March 2013","€25,000,000",04 30 32 41 50,05 07,3 + 0,"17,012",€17.80,"€302,814"
15.03.2013,Friday,"Friday, 15th March 2013","€25,000,000",04 30 32 41 50,05 07,1 + 2,"111,523",€9.70,"€1,081,773"
15.03.2013,Friday,"Friday, 15th March 2013","€25,000,000",04 30 32 41 50,05 07,2 + 1,"227,970",€9.10,"€2,074,527"
22.03.2013,Friday,"Friday, 22nd March 2013","€29,000,000",05 12 21 43 48,05 06,5 + 2,0,"€29,000,000","€29,000,000"
22.03.2013,Friday,"Friday, 22nd March 2013","€29,000,000",05 12 21 43 48,05 06,5 + 1,2,"€473,704.60","€947,409"
22.03.2013,Friday,"Friday, 22nd March 2013","€29,000,000",05 12 21 43 48,05 06,5 + 0,1,"€128,665.90","€128,666"
22.03.2013,Friday,"Friday, 22nd March 2013","€29,000,000",05 12 21 43 48,05 06,4 + 2,33,"€3,599.00","€118,767"
22.03.2013,Friday,"Friday, 22nd March 2013","€29,000,000",05 12 21 43 48,05 06,4 + 1,395,€238.00,"€94,010"
22.03.2013,Friday,"Friday, 22nd March 2013","€29,000,000",05 12 21 43 48,05 06,4 + 0,538,€110.30,"€59,341"
22.03.2013,Friday,"Friday, 22nd March 2013","€29,000,000",05 12 21 43 48,05 06,3 + 2,"1,368",€61.40,"€83,995"
22.03.2013,Friday,"Friday, 22nd March 2013","€29,000,000",05 12 21 43 48,05 06,2 + 2,"20,896",€19.40,"€405,382"
22.03.2013,Friday,"Friday, 22nd March 2013","€29,000,000",05 12 21 43 48,05 06,3 + 1,"20,524",€16.60,"€340,698"
22.03.2013,Friday,"Friday, 22nd March 2013","€29,000,000",05 12 21 43 48,05 06,3 + 0,"24,149",€14.70,"€354,990"
22.03.2013,Friday,"Friday, 22nd March 2013","€29,000,000",05 12 21 43 48,05 06,1 + 2,"105,509",€11.20,"€1,181,701"
22.03.2013,Friday,"Friday, 22nd March 2013","€29,000,000",05 12 21 43 48,05 06,2 + 1,"303,260",€7.40,"€2,244,124"
29.03.2013,Friday,"Friday, 29th March 2013","€34,000,000",01 22 27 37 50,05 07,5 + 2,0,"€34,000,000","€34,000,000"
29.03.2013,Friday,"Friday, 29th March 2013","€34,000,000",01 22 27 37 50,05 07,5 + 1,1,"€583,054.00","€583,054"
29.03.2013,Friday,"Friday, 29th March 2013","€34,000,000",01 22 27 37 50,05 07,5 + 0,1,"€151,594.00","€151,594"
29.03.2013,Friday,"Friday, 29th March 2013","€34,000,000",01 22 27 37 50,05 07,4 + 2,38,"€3,682.40","€139,931"
29.03.2013,Friday,"Friday, 29th March 2013","€34,000,000",01 22 27 37 50,05 07,4 + 1,434,€255.20,"€110,757"
29.03.2013,Friday,"Friday, 29th March 2013","€34,000,000",01 22 27 37 50,05 07,4 + 0,543,€128.80,"€69,938"
29.03.2013,Friday,"Friday, 29th March 2013","€34,000,000",01 22 27 37 50,05 07,3 + 2,"1,765",€56.10,"€99,017"
29.03.2013,Friday,"Friday, 29th March 2013","€34,000,000",01 22 27 37 50,05 07,2 + 2,"21,214",€22.50,"€477,315"
29.03.2013,Friday,"Friday, 29th March 2013","€34,000,000",01 22 27 37 50,05 07,3 + 1,"27,521",€15.50,"€426,576"
29.03.2013,Friday,"Friday, 29th March 2013","€34,000,000",01 22 27 37 50,05 07,3 + 0,"25,463",€15.50,"€394,677"
29.03.2013,Friday,"Friday, 29th March 2013","€34,000,000",01 22 27 37 50,05 07,1 + 2,"153,737",€9.10,"€1,399,007"
29.03.2013,Friday,"Friday, 29th March 2013","€34,000,000",01 22 27 37 50,05 07,2 + 1,"331,119",€8.00,"€2,648,952"
05.04.2013,Friday,"Friday, 5th April 2013","€39,000,000",22 31 37 38 41,02 06,5 + 2,0,"€39,000,000","€39,000,000"
05.04.2013,Friday,"Friday, 5th April 2013","€39,000,000",22 31 37 38 41,02 06,5 + 1,2,"€326,379.20","€652,758"
05.04.2013,Friday,"Friday, 5th April 2013","€39,000,000",22 31 37 38 41,02 06,5 + 0,1,"€169,717.20","€169,717"
05.04.2013,Friday,"Friday, 5th April 2013","€39,000,000",22 31 37 38 41,02 06,4 + 2,43,"€3,643.30","€156,662"
05.04.2013,Friday,"Friday, 5th April 2013","€39,000,000",22 31 37 38 41,02 06,4 + 1,417,€297.40,"€124,016"
05.04.2013,Friday,"Friday, 5th April 2013","€39,000,000",22 31 37 38 41,02 06,4 + 0,530,€147.70,"€78,281"
05.04.2013,Friday,"Friday, 5th April 2013","€39,000,000",22 31 37 38 41,02 06,3 + 2,"1,757",€63.10,"€110,867"
05.04.2013,Friday,"Friday, 5th April 2013","€39,000,000",22 31 37 38 41,02 06,2 + 2,"20,990",€25.50,"€535,245"
05.04.2013,Friday,"Friday, 5th April 2013","€39,000,000",22 31 37 38 41,02 06,3 + 1,"29,717",€16.10,"€478,444"
05.04.2013,Friday,"Friday, 5th April 2013","€39,000,000",22 31 37 38 41,02 06,3 + 0,"27,268",€16.10,"€439,015"
05.04.2013,Friday,"Friday, 5th April 2013","€39,000,000",22 31 37 38 41,02 06,1 + 2,"172,152",€9.10,"€1,566,583"
05.04.2013,Friday,"Friday, 5th April 2013","€39,000,000",22 31 37 38 41,02 06,2 + 1,"327,257",€9.10,"€2,978,039"
12.04.2013,Friday,"Friday, 12th April 2013","€46,079,339",08 19 22 32 40,01 08,5 + 2,1,"€46,079,339","€46,079,339"
12.04.2013,Friday,"Friday, 12th April 2013","€46,079,339",08 19 22 32 40,01 08,5 + 1,5,"€152,020.70","€760,104"
12.04.2013,Friday,"Friday, 12th April 2013","€46,079,339",08 19 22 32 40,01 08,5 + 0,5,"€39,525.30","€197,627"
12.04.2013,Friday,"Friday, 12th April 2013","€46,079,339",08 19 22 32 40,01 08,4 + 2,64,"€2,850.30","€182,419"
12.04.2013,Friday,"Friday, 12th April 2013","€46,079,339",08 19 22 32 40,01 08,4 + 1,737,€195.90,"€144,378"
12.04.2013,Friday,"Friday, 12th April 2013","€46,079,339",08 19 22 32 40,01 08,4 + 0,"1,084",€84.10,"€91,164"
12.04.2013,Friday,"Friday, 12th April 2013","€46,079,339",08 19 22 32 40,01 08,3 + 2,"2,559",€50.40,"€128,974"
12.04.2013,Friday,"Friday, 12th April 2013","€46,079,339",08 19 22 32 40,01 08,2 + 2,"29,403",€21.10,"€620,403"
12.04.2013,Friday,"Friday, 12th April 2013","€46,079,339",08 19 22 32 40,01 08,3 + 1,"35,087",€14.90,"€522,796"
12.04.2013,Friday,"Friday, 12th April 2013","€46,079,339",08 19 22 32 40,01 08,3 + 0,"41,012",€13.30,"€545,460"
12.04.2013,Friday,"Friday, 12th April 2013","€46,079,339",08 19 22 32 40,01 08,1 + 2,"186,437",€9.70,"€1,808,439"
12.04.2013,Friday,"Friday, 12th April 2013","€46,079,339",08 19 22 32 40,01 08,2 + 1,"406,046",€8.50,"€3,451,391"
19.04.2013,Friday,"Friday, 19th April 2013","€10,000,000",17 18 22 24 25,01 06,5 + 2,0,"€10,000,000","€10,000,000"
19.04.2013,Friday,"Friday, 19th April 2013","€10,000,000",17 18 22 24 25,01 06,5 + 1,1,"€415,714.10","€415,714"
19.04.2013,Friday,"Friday, 19th April 2013","€10,000,000",17 18 22 24 25,01 06,5 + 0,4,"€27,021.40","€108,086"
19.04.2013,Friday,"Friday, 19th April 2013","€10,000,000",17 18 22 24 25,01 06,4 + 2,32,"€3,117.80","€99,770"
19.04.2013,Friday,"Friday, 19th April 2013","€10,000,000",17 18 22 24 25,01 06,4 + 1,369,€214.00,"€78,966"
19.04.2013,Friday,"Friday, 19th April 2013","€10,000,000",17 18 22 24 25,01 06,4 + 0,554,€90.00,"€49,860"
19.04.2013,Friday,"Friday, 19th April 2013","€10,000,000",17 18 22 24 25,01 06,3 + 2,"1,161",€60.80,"€70,589"
19.04.2013,Friday,"Friday, 19th April 2013","€10,000,000",17 18 22 24 25,01 06,2 + 2,"15,715",€21.60,"€339,444"
19.04.2013,Friday,"Friday, 19th April 2013","€10,000,000",17 18 22 24 25,01 06,3 + 1,"17,156",€16.70,"€286,505"
19.04.2013,Friday,"Friday, 19th April 2013","€10,000,000",17 18 22 24 25,01 06,3 + 0,"23,028",€12.90,"€297,061"
19.04.2013,Friday,"Friday, 19th April 2013","€10,000,000",17 18 22 24 25,01 06,1 + 2,"88,746",€11.20,"€993,955"
19.04.2013,Friday,"Friday, 19th April 2013","€10,000,000",17 18 22 24 25,01 06,2 + 1,"237,939",€8.00,"€1,903,512"
26.04.2013,Friday,"Friday, 26th April 2013","€12,000,000",11 14 19 23 49,04 05,5 + 2,0,"€12,000,000","€12,000,000"
26.04.2013,Friday,"Friday, 26th April 2013","€12,000,000",11 14 19 23 49,04 05,5 + 1,1,"€398,808.60","€398,809"
26.04.2013,Friday,"Friday, 26th April 2013","€12,000,000",11 14 19 23 49,04 05,5 + 0,0,€0.00,€0
26.04.2013,Friday,"Friday, 26th April 2013","€12,000,000",11 14 19 23 49,04 05,4 + 2,24,"€3,988.00","€95,712"
26.04.2013,Friday,"Friday, 26th April 2013","€12,000,000",11 14 19 23 49,04 05,4 + 1,365,€207.50,"€75,738"
26.04.2013,Friday,"Friday, 26th April 2013","€12,000,000",11 14 19 23 49,04 05,4 + 0,452,€105.80,"€47,822"
26.04.2013,Friday,"Friday, 26th April 2013","€12,000,000",11 14 19 23 49,04 05,3 + 2,"1,493",€45.40,"€67,782"
26.04.2013,Friday,"Friday, 26th April 2013","€12,000,000",11 14 19 23 49,04 05,2 + 2,"17,840",€18.30,"€326,472"
26.04.2013,Friday,"Friday, 26th April 2013","€12,000,000",11 14 19 23 49,04 05,3 + 1,"21,066",€13.10,"€275,965"
26.04.2013,Friday,"Friday, 26th April 2013","€12,000,000",11 14 19 23 49,04 05,3 + 0,"21,652",€13.10,"€283,641"
26.04.2013,Friday,"Friday, 26th April 2013","€12,000,000",11 14 19 23 49,04 05,1 + 2,"105,869",€9.00,"€952,821"
26.04.2013,Friday,"Friday, 26th April 2013","€12,000,000",11 14 19 23 49,04 05,2 + 1,"255,083",€7.10,"€1,811,089"
03.05.2013,Friday,"Friday, 3rd May 2013","€13,486,561",14 16 28 44 48,03 07,5 + 2,1,"€13,486,561","€13,486,561"
03.05.2013,Friday,"Friday, 3rd May 2013","€13,486,561",14 16 28 44 48,03 07,5 + 1,5,"€85,659.30","€428,297"
03.05.2013,Friday,"Friday, 3rd May 2013","€13,486,561",14 16 28 44 48,03 07,5 + 0,2,"€85,659.30","€171,319"
03.05.2013,Friday,"Friday, 3rd May 2013","€13,486,561",14 16 28 44 48,03 07,4 + 2,42,"€2,249.00","€94,458"
03.05.2013,Friday,"Friday, 3rd May 2013","€13,486,561",14 16 28 44 48,03 07,4 + 1,347,€215.50,"€74,779"
03.05.2013,Friday,"Friday, 3rd May 2013","€13,486,561",14 16 28 44 48,03 07,4 + 0,456,€103.50,"€47,196"
03.05.2013,Friday,"Friday, 3rd May 2013","€13,486,561",14 16 28 44 48,03 07,3 + 2,"1,809",€36.90,"€66,752"
03.05.2013,Friday,"Friday, 3rd May 2013","€13,486,561",14 16 28 44 48,03 07,2 + 2,"16,216",€19.90,"€322,698"
03.05.2013,Friday,"Friday, 3rd May 2013","€13,486,561",14 16 28 44 48,03 07,3 + 1,"25,915",€12.20,"€316,163"
03.05.2013,Friday,"Friday, 3rd May 2013","€13,486,561",14 16 28 44 48,03 07,3 + 0,"19,234",€12.20,"€234,655"
03.05.2013,Friday,"Friday, 3rd May 2013","€13,486,561",14 16 28 44 48,03 07,1 + 2,"139,661",€7.40,"€1,033,491"
03.05.2013,Friday,"Friday, 3rd May 2013","€13,486,561",14 16 28 44 48,03 07,2 + 1,"227,622",€7.40,"€1,684,403"
10.05.2013,Friday,"Friday, 10th May 2013","€10,000,000",06 09 31 33 35,01 07,5 + 2,0,"€10,000,000","€10,000,000"
10.05.2013,Friday,"Friday, 10th May 2013","€10,000,000",06 09 31 33 35,01 07,5 + 1,0,€0.00,€0
10.05.2013,Friday,"Friday, 10th May 2013","€10,000,000",06 09 31 33 35,01 07,5 + 0,0,€0.00,€0
10.05.2013,Friday,"Friday, 10th May 2013","€10,000,000",06 09 31 33 35,01 07,4 + 2,21,"€4,235.50","€88,946"
10.05.2013,Friday,"Friday, 10th May 2013","€10,000,000",06 09 31 33 35,01 07,4 + 1,258,€272.90,"€70,408"
10.05.2013,Friday,"Friday, 10th May 2013","€10,000,000",06 09 31 33 35,01 07,4 + 0,373,€119.20,"€44,462"
10.05.2013,Friday,"Friday, 10th May 2013","€10,000,000",06 09 31 33 35,01 07,3 + 2,"1,024",€61.50,"€62,976"
10.05.2013,Friday,"Friday, 10th May 2013","€10,000,000",06 09 31 33 35,01 07,2 + 2,"12,949",€23.40,"€303,007"
10.05.2013,Friday,"Friday, 10th May 2013","€10,000,000",06 09 31 33 35,01 07,3 + 1,"15,887",€16.00,"€254,192"
10.05.2013,Friday,"Friday, 10th May 2013","€10,000,000",06 09 31 33 35,01 07,3 + 0,"17,357",€15.30,"€265,562"
10.05.2013,Friday,"Friday, 10th May 2013","€10,000,000",06 09 31 33 35,01 07,1 + 2,"87,454",€10.10,"€883,285"
10.05.2013,Friday,"Friday, 10th May 2013","€10,000,000",06 09 31 33 35,01 07,2 + 1,"206,096",€8.20,"€1,689,987"
17.05.2013,Friday,"Friday, 17th May 2013","€11,000,000",04 06 10 13 32,01 08,5 + 2,0,"€11,000,000","€11,000,000"
17.05.2013,Friday,"Friday, 17th May 2013","€11,000,000",04 06 10 13 32,01 08,5 + 1,1,"€737,902.20","€737,902"
17.05.2013,Friday,"Friday, 17th May 2013","€11,000,000",04 06 10 13 32,01 08,5 + 0,0,€0.00,€0
17.05.2013,Friday,"Friday, 17th May 2013","€11,000,000",04 06 10 13 32,01 08,4 + 2,20,"€4,407.40","€88,148"
17.05.2013,Friday,"Friday, 17th May 2013","€11,000,000",04 06 10 13 32,01 08,4 + 1,316,€220.80,"€69,773"
17.05.2013,Friday,"Friday, 17th May 2013","€11,000,000",04 06 10 13 32,01 08,4 + 0,515,€85.50,"€44,033"
17.05.2013,Friday,"Friday, 17th May 2013","€11,000,000",04 06 10 13 32,01 08,3 + 2,"1,388",€44.90,"€62,321"
17.05.2013,Friday,"Friday, 17th May 2013","€11,000,000",04 06 10 13 32,01 08,2 + 2,"15,287",€19.70,"€301,154"
17.05.2013,Friday,"Friday, 17th May 2013","€11,000,000",04 06 10 13 32,01 08,3 + 1,"18,908",€13.40,"€253,367"
17.05.2013,Friday,"Friday, 17th May 2013","€11,000,000",04 06 10 13 32,01 08,3 + 0,"22,413",€11.70,"€262,232"
17.05.2013,Friday,"Friday, 17th May 2013","€11,000,000",04 06 10 13 32,01 08,1 + 2,"93,343",€9.40,"€877,424"
17.05.2013,Friday,"Friday, 17th May 2013","€11,000,000",04 06 10 13 32,01 08,2 + 1,"211,805",€7.90,"€1,673,260"
24.05.2013,Friday,"Friday, 24th May 2013","€13,000,000",02 04 09 20 41,03 05,5 + 2,0,"€13,000,000","€13,000,000"
24.05.2013,Friday,"Friday, 24th May 2013","€13,000,000",02 04 09 20 41,03 05,5 + 1,1,"€369,814.10","€369,814"
24.05.2013,Friday,"Friday, 24th May 2013","€13,000,000",02 04 09 20 41,03 05,5 + 0,2,"€144,003.10","€288,006"
24.05.2013,Friday,"Friday, 24th May 2013","€13,000,000",02 04 09 20 41,03 05,4 + 2,27,"€3,287.20","€88,754"
24.05.2013,Friday,"Friday, 24th May 2013","€13,000,000",02 04 09 20 41,03 05,4 + 1,273,€257.30,"€70,243"
24.05.2013,Friday,"Friday, 24th May 2013","€13,000,000",02 04 09 20 41,03 05,4 + 0,355,€125.00,"€44,375"
24.05.2013,Friday,"Friday, 24th May 2013","€13,000,000",02 04 09 20 41,03 05,3 + 2,"1,319",€47.60,"€62,784"
24.05.2013,Friday,"Friday, 24th May 2013","€13,000,000",02 04 09 20 41,03 05,2 + 2,"13,877",€21.80,"€302,519"
24.05.2013,Friday,"Friday, 24th May 2013","€13,000,000",02 04 09 20 41,03 05,3 + 1,"19,467",€14.00,"€272,538"
24.05.2013,Friday,"Friday, 24th May 2013","€13,000,000",02 04 09 20 41,03 05,3 + 0,"17,657",€14.00,"€247,198"
24.05.2013,Friday,"Friday, 24th May 2013","€13,000,000",02 04 09 20 41,03 05,1 + 2,"111,497",€8.00,"€891,976"
24.05.2013,Friday,"Friday, 24th May 2013","€13,000,000",02 04 09 20 41,03 05,2 + 1,"207,854",€8.00,"€1,662,832"
31.05.2013,Friday,"Friday, 31st May 2013","€15,000,000",05 09 12 23 40,02 07,5 + 2,0,"€15,000,000","€15,000,000"
31.05.2013,Friday,"Friday, 31st May 2013","€15,000,000",05 09 12 23 40,02 07,5 + 1,3,"€127,279.10","€381,837"
31.05.2013,Friday,"Friday, 31st May 2013","€15,000,000",05 09 12 23 40,02 07,5 + 0,3,"€33,092.50","€99,278"
31.05.2013,Friday,"Friday, 31st May 2013","€15,000,000",05 09 12 23 40,02 07,4 + 2,55,"€1,666.10","€91,636"
31.05.2013,Friday,"Friday, 31st May 2013","€15,000,000",05 09 12 23 40,02 07,4 + 1,483,€150.20,"€72,547"
31.05.2013,Friday,"Friday, 31st May 2013","€15,000,000",05 09 12 23 40,02 07,4 + 0,599,€76.40,"€45,764"
31.05.2013,Friday,"Friday, 31st May 2013","€15,000,000",05 09 12 23 40,02 07,3 + 2,"2,251",€28.80,"€64,829"
31.05.2013,Friday,"Friday, 31st May 2013","€15,000,000",05 09 12 23 40,02 07,2 + 2,"19,815",€15.80,"€313,077"
31.05.2013,Friday,"Friday, 31st May 2013","€15,000,000",05 09 12 23 40,02 07,3 + 1,"27,543",€10.50,"€289,202"
31.05.2013,Friday,"Friday, 31st May 2013","€15,000,000",05 09 12 23 40,02 07,3 + 0,"23,648",€10.50,"€248,304"
31.05.2013,Friday,"Friday, 31st May 2013","€15,000,000",05 09 12 23 40,02 07,1 + 2,"128,303",€7.10,"€910,951"
31.05.2013,Friday,"Friday, 31st May 2013","€15,000,000",05 09 12 23 40,02 07,2 + 1,"254,340",€6.80,"€1,729,512"
07.06.2013,Friday,"Friday, 7th June 2013","€16,000,000",06 09 11 29 35,02 06,5 + 2,0,"€16,000,000","€16,000,000"
07.06.2013,Friday,"Friday, 7th June 2013","€16,000,000",06 09 11 29 35,02 06,5 + 1,1,"€386,206.70","€386,207"
07.06.2013,Friday,"Friday, 7th June 2013","€16,000,000",06 09 11 29 35,02 06,5 + 0,3,"€33,471.20","€100,414"
07.06.2013,Friday,"Friday, 7th June 2013","€16,000,000",06 09 11 29 35,02 06,4 + 2,41,"€2,260.70","€92,689"
07.06.2013,Friday,"Friday, 7th June 2013","€16,000,000",06 09 11 29 35,02 06,4 + 1,419,€175.10,"€73,367"
07.06.2013,Friday,"Friday, 7th June 2013","€16,000,000",06 09 11 29 35,02 06,4 + 0,526,€88.10,"€46,341"
07.06.2013,Friday,"Friday, 7th June 2013","€16,000,000",06 09 11 29 35,02 06,3 + 2,"1,711",€38.30,"€65,531"
07.06.2013,Friday,"Friday, 7th June 2013","€16,000,000",06 09 11 29 35,02 06,2 + 2,"17,553",€18.00,"€315,954"
07.06.2013,Friday,"Friday, 7th June 2013","€16,000,000",06 09 11 29 35,02 06,3 + 1,"21,658",€12.30,"€266,393"
07.06.2013,Friday,"Friday, 7th June 2013","€16,000,000",06 09 11 29 35,02 06,3 + 0,"23,015",€12.00,"€276,180"
07.06.2013,Friday,"Friday, 7th June 2013","€16,000,000",06 09 11 29 35,02 06,1 + 2,"106,140",€8.70,"€923,418"
07.06.2013,Friday,"Friday, 7th June 2013","€16,000,000",06 09 11 29 35,02 06,2 + 1,"231,697",€7.60,"€1,760,897"
14.06.2013,Friday,"Friday, 14th June 2013","€19,000,000",01 25 46 47 48,03 08,5 + 2,0,"€19,000,000","€19,000,000"
14.06.2013,Friday,"Friday, 14th June 2013","€19,000,000",01 25 46 47 48,03 08,5 + 1,2,"€202,431.70","€404,863"
14.06.2013,Friday,"Friday, 14th June 2013","€19,000,000",01 25 46 47 48,03 08,5 + 0,1,"€105,264.50","€105,265"
14.06.2013,Friday,"Friday, 14th June 2013","€19,000,000",01 25 46 47 48,03 08,4 + 2,16,"€6,072.90","€97,166"
14.06.2013,Friday,"Friday, 14th June 2013","€19,000,000",01 25 46 47 48,03 08,4 + 1,277,€277.70,"€76,923"
14.06.2013,Friday,"Friday, 14th June 2013","€19,000,000",01 25 46 47 48,03 08,4 + 0,334,€145.40,"€48,564"
14.06.2013,Friday,"Friday, 14th June 2013","€19,000,000",01 25 46 47 48,03 08,3 + 2,"1,020",€67.40,"€68,748"
14.06.2013,Friday,"Friday, 14th June 2013","€19,000,000",01 25 46 47 48,03 08,2 + 2,"13,009",€25.50,"€331,730"
14.06.2013,Friday,"Friday, 14th June 2013","€19,000,000",01 25 46 47 48,03 08,3 + 1,"16,294",€17.80,"€290,033"
14.06.2013,Friday,"Friday, 14th June 2013","€19,000,000",01 25 46 47 48,03 08,3 + 0,"15,756",€17.80,"€280,457"
14.06.2013,Friday,"Friday, 14th June 2013","€19,000,000",01 25 46 47 48,03 08,1 + 2,"99,371",€9.70,"€963,899"
14.06.2013,Friday,"Friday, 14th June 2013","€19,000,000",01 25 46 47 48,03 08,2 + 1,"200,909",€9.20,"€1,848,363"
21.06.2013,Friday,"Friday, 21st June 2013","€22,000,000",05 14 21 23 50,02 07,5 + 2,0,"€22,000,000","€22,000,000"
21.06.2013,Friday,"Friday, 21st June 2013","€22,000,000",05 14 21 23 50,02 07,5 + 1,0,€0.00,€0
21.06.2013,Friday,"Friday, 21st June 2013","€22,000,000",05 14 21 23 50,02 07,5 + 0,2,"€54,229.20","€108,458"
21.06.2013,Friday,"Friday, 21st June 2013","€22,000,000",05 14 21 23 50,02 07,4 + 2,29,"€3,452.20","€100,114"
21.06.2013,Friday,"Friday, 21st June 2013","€22,000,000",05 14 21 23 50,02 07,4 + 1,386,€205.30,"€79,246"
21.06.2013,Friday,"Friday, 21st June 2013","€22,000,000",05 14 21 23 50,02 07,4 + 0,462,€108.30,"€50,035"
21.06.2013,Friday,"Friday, 21st June 2013","€22,000,000",05 14 21 23 50,02 07,3 + 2,"1,836",€38.60,"€70,870"
21.06.2013,Friday,"Friday, 21st June 2013","€22,000,000",05 14 21 23 50,02 07,2 + 2,"17,325",€19.70,"€341,303"
21.06.2013,Friday,"Friday, 21st June 2013","€22,000,000",05 14 21 23 50,02 07,3 + 1,"26,356",€12.20,"€321,543"
21.06.2013,Friday,"Friday, 21st June 2013","€22,000,000",05 14 21 23 50,02 07,3 + 0,"21,792",€12.20,"€265,862"
21.06.2013,Friday,"Friday, 21st June 2013","€22,000,000",05 14 21 23 50,02 07,1 + 2,"134,367",€7.60,"€1,021,189"
21.06.2013,Friday,"Friday, 21st June 2013","€22,000,000",05 14 21 23 50,02 07,2 + 1,"248,186",€7.60,"€1,886,214"
28.06.2013,Friday,"Friday, 28th June 2013","€26,000,000",06 08 23 33 49,03 08,5 + 2,0,"€26,000,000","€26,000,000"
28.06.2013,Friday,"Friday, 28th June 2013","€26,000,000",06 08 23 33 49,03 08,5 + 1,2,"€445,381.10","€890,762"
28.06.2013,Friday,"Friday, 28th June 2013","€26,000,000",06 08 23 33 49,03 08,5 + 0,0,€0.00,€0
28.06.2013,Friday,"Friday, 28th June 2013","€26,000,000",06 08 23 33 49,03 08,4 + 2,35,"€3,247.60","€113,666"
28.06.2013,Friday,"Friday, 28th June 2013","€26,000,000",06 08 23 33 49,03 08,4 + 1,459,€196.00,"€89,964"
28.06.2013,Friday,"Friday, 28th June 2013","€26,000,000",06 08 23 33 49,03 08,4 + 0,526,€108.00,"€56,808"
28.06.2013,Friday,"Friday, 28th June 2013","€26,000,000",06 08 23 33 49,03 08,3 + 2,"1,821",€44.20,"€80,488"
28.06.2013,Friday,"Friday, 28th June 2013","€26,000,000",06 08 23 33 49,03 08,2 + 2,"20,729",€18.70,"€387,632"
28.06.2013,Friday,"Friday, 28th June 2013","€26,000,000",06 08 23 33 49,03 08,3 + 1,"26,379",€13.20,"€348,203"
28.06.2013,Friday,"Friday, 28th June 2013","€26,000,000",06 08 23 33 49,03 08,3 + 0,"23,977",€13.20,"€316,496"
28.06.2013,Friday,"Friday, 28th June 2013","€26,000,000",06 08 23 33 49,03 08,1 + 2,"128,108",€8.80,"€1,127,350"
28.06.2013,Friday,"Friday, 28th June 2013","€26,000,000",06 08 23 33 49,03 08,2 + 1,"299,330",€7.20,"€2,155,176"
05.07.2013,Friday,"Friday, 5th July 2013","€31,000,000",15 16 17 19 50,05 07,5 + 2,0,"€31,000,000","€31,000,000"
05.07.2013,Friday,"Friday, 5th July 2013","€31,000,000",15 16 17 19 50,05 07,5 + 1,1,"€536,321.40","€536,321"
05.07.2013,Friday,"Friday, 5th July 2013","€31,000,000",15 16 17 19 50,05 07,5 + 0,1,"€262,583.20","€262,583"
05.07.2013,Friday,"Friday, 5th July 2013","€31,000,000",15 16 17 19 50,05 07,4 + 2,43,"€2,993.40","€128,716"
05.07.2013,Friday,"Friday, 5th July 2013","€31,000,000",15 16 17 19 50,05 07,4 + 1,440,€231.50,"€101,860"
05.07.2013,Friday,"Friday, 5th July 2013","€31,000,000",15 16 17 19 50,05 07,4 + 0,474,€135.70,"€64,322"
05.07.2013,Friday,"Friday, 5th July 2013","€31,000,000",15 16 17 19 50,05 07,3 + 2,"1,746",€52.20,"€91,141"
05.07.2013,Friday,"Friday, 5th July 2013","€31,000,000",15 16 17 19 50,05 07,2 + 2,"19,117",€23.00,"€439,691"
05.07.2013,Friday,"Friday, 5th July 2013","€31,000,000",15 16 17 19 50,05 07,3 + 1,"26,691",€15.50,"€413,711"
05.07.2013,Friday,"Friday, 5th July 2013","€31,000,000",15 16 17 19 50,05 07,3 + 0,"21,838",€15.50,"€338,489"
05.07.2013,Friday,"Friday, 5th July 2013","€31,000,000",15 16 17 19 50,05 07,1 + 2,"152,989",€8.40,"€1,285,108"
05.07.2013,Friday,"Friday, 5th July 2013","€31,000,000",15 16 17 19 50,05 07,2 + 1,"304,672",€8.00,"€2,437,376"
12.07.2013,Friday,"Friday, 12th July 2013","€36,000,000",07 27 33 47 48,02 07,5 + 2,0,"€36,000,000","€36,000,000"
12.07.2013,Friday,"Friday, 12th July 2013","€36,000,000",07 27 33 47 48,02 07,5 + 1,3,"€192,248.50","€576,746"
12.07.2013,Friday,"Friday, 12th July 2013","€36,000,000",07 27 33 47 48,02 07,5 + 0,0,€0.00,€0
12.07.2013,Friday,"Friday, 12th July 2013","€36,000,000",07 27 33 47 48,02 07,4 + 2,62,"€2,232.50","€138,415"
12.07.2013,Friday,"Friday, 12th July 2013","€36,000,000",07 27 33 47 48,02 07,4 + 1,681,€160.90,"€109,573"
12.07.2013,Friday,"Friday, 12th July 2013","€36,000,000",07 27 33 47 48,02 07,4 + 0,754,€91.70,"€69,142"
12.07.2013,Friday,"Friday, 12th July 2013","€36,000,000",07 27 33 47 48,02 07,3 + 2,"3,245",€30.20,"€97,999"
12.07.2013,Friday,"Friday, 12th July 2013","€36,000,000",07 27 33 47 48,02 07,2 + 2,"28,515",€16.50,"€470,498"
12.07.2013,Friday,"Friday, 12th July 2013","€36,000,000",07 27 33 47 48,02 07,3 + 1,"39,771",€11.40,"€453,389"
12.07.2013,Friday,"Friday, 12th July 2013","€36,000,000",07 27 33 47 48,02 07,3 + 0,"31,301",€11.40,"€356,831"
12.07.2013,Friday,"Friday, 12th July 2013","€36,000,000",07 27 33 47 48,02 07,1 + 2,"191,021",€7.30,"€1,394,453"
12.07.2013,Friday,"Friday, 12th July 2013","€36,000,000",07 27 33 47 48,02 07,2 + 1,"354,576",€7.30,"€2,588,405"
19.07.2013,Friday,"Friday, 19th July 2013","€41,522,930",07 18 19 33 37,02 05,5 + 2,1,"€41,522,930","€41,522,930"
19.07.2013,Friday,"Friday, 19th July 2013","€41,522,930",07 18 19 33 37,02 05,5 + 1,7,"€95,036.10","€665,253"
19.07.2013,Friday,"Friday, 19th July 2013","€41,522,930",07 18 19 33 37,02 05,5 + 0,8,"€40,364.90","€322,919"
19.07.2013,Friday,"Friday, 19th July 2013","€41,522,930",07 18 19 33 37,02 05,4 + 2,78,"€2,046.90","€159,658"
19.07.2013,Friday,"Friday, 19th July 2013","€41,522,930",07 18 19 33 37,02 05,4 + 1,801,€157.80,"€126,398"
19.07.2013,Friday,"Friday, 19th July 2013","€41,522,930",07 18 19 33 37,02 05,4 + 0,"1,050",€76.00,"€79,800"
19.07.2013,Friday,"Friday, 19th July 2013","€41,522,930",07 18 19 33 37,02 05,3 + 2,"3,133",€36.00,"€112,788"
19.07.2013,Friday,"Friday, 19th July 2013","€41,522,930",07 18 19 33 37,02 05,2 + 2,"34,238",€15.90,"€544,384"
19.07.2013,Friday,"Friday, 19th July 2013","€41,522,930",07 18 19 33 37,02 05,3 + 1,"40,948",€11.30,"€462,712"
19.07.2013,Friday,"Friday, 19th July 2013","€41,522,930",07 18 19 33 37,02 05,3 + 0,"41,742",€11.30,"€471,685"
19.07.2013,Friday,"Friday, 19th July 2013","€41,522,930",07 18 19 33 37,02 05,1 + 2,"191,425",€8.30,"€1,588,828"
19.07.2013,Friday,"Friday, 19th July 2013","€41,522,930",07 18 19 33 37,02 05,2 + 1,"440,370",€6.90,"€3,038,553"
26.07.2013,Friday,"Friday, 26th July 2013","€10,000,000",04 13 19 25 43,03 04,5 + 2,0,"€10,000,000","€10,000,000"
26.07.2013,Friday,"Friday, 26th July 2013","€10,000,000",04 13 19 25 43,03 04,5 + 1,4,"€101,657.20","€406,629"
26.07.2013,Friday,"Friday, 26th July 2013","€10,000,000",04 13 19 25 43,03 04,5 + 0,1,"€101,657.20","€101,657"
26.07.2013,Friday,"Friday, 26th July 2013","€10,000,000",04 13 19 25 43,03 04,4 + 2,38,"€2,547.80","€96,816"
26.07.2013,Friday,"Friday, 26th July 2013","€10,000,000",04 13 19 25 43,03 04,4 + 1,490,€156.40,"€76,636"
26.07.2013,Friday,"Friday, 26th July 2013","€10,000,000",04 13 19 25 43,03 04,4 + 0,559,€86.50,"€48,354"
26.07.2013,Friday,"Friday, 26th July 2013","€10,000,000",04 13 19 25 43,03 04,3 + 2,"1,503",€45.60,"€68,537"
26.07.2013,Friday,"Friday, 26th July 2013","€10,000,000",04 13 19 25 43,03 04,2 + 2,"21,231",€15.50,"€329,081"
26.07.2013,Friday,"Friday, 26th July 2013","€10,000,000",04 13 19 25 43,03 04,3 + 1,"19,528",€14.20,"€277,298"
26.07.2013,Friday,"Friday, 26th July 2013","€10,000,000",04 13 19 25 43,03 04,3 + 0,"22,399",€12.90,"€288,947"
26.07.2013,Friday,"Friday, 26th July 2013","€10,000,000",04 13 19 25 43,03 04,1 + 2,"93,475",€10.30,"€962,793"
26.07.2013,Friday,"Friday, 26th July 2013","€10,000,000",04 13 19 25 43,03 04,2 + 1,"277,668",€6.60,"€1,832,609"
02.08.2013,Friday,"Friday, 2nd August 2013","€11,000,000",14 23 29 33 37,02 05,5 + 2,0,"€11,000,000","€11,000,000"
02.08.2013,Friday,"Friday, 2nd August 2013","€11,000,000",14 23 29 33 37,02 05,5 + 1,1,"€406,422.50","€406,423"
02.08.2013,Friday,"Friday, 2nd August 2013","€11,000,000",14 23 29 33 37,02 05,5 + 0,2,"€52,834.90","€105,670"
02.08.2013,Friday,"Friday, 2nd August 2013","€11,000,000",14 23 29 33 37,02 05,4 + 2,67,"€1,455.80","€97,539"
02.08.2013,Friday,"Friday, 2nd August 2013","€11,000,000",14 23 29 33 37,02 05,4 + 1,540,€143.00,"€77,220"
02.08.2013,Friday,"Friday, 2nd August 2013","€11,000,000",14 23 29 33 37,02 05,4 + 0,593,€82.20,"€48,745"
02.08.2013,Friday,"Friday, 2nd August 2013","€11,000,000",14 23 29 33 37,02 05,3 + 2,"2,006",€34.40,"€69,006"
02.08.2013,Friday,"Friday, 2nd August 2013","€11,000,000",14 23 29 33 37,02 05,2 + 2,"19,291",€17.20,"€331,805"
02.08.2013,Friday,"Friday, 2nd August 2013","€11,000,000",14 23 29 33 37,02 05,3 + 1,"25,801",€11.70,"€301,872"
02.08.2013,Friday,"Friday, 2nd August 2013","€11,000,000",14 23 29 33 37,02 05,3 + 0,"23,012",€11.70,"€269,240"
02.08.2013,Friday,"Friday, 2nd August 2013","€11,000,000",14 23 29 33 37,02 05,1 + 2,"119,849",€8.10,"€970,777"
02.08.2013,Friday,"Friday, 2nd August 2013","€11,000,000",14 23 29 33 37,02 05,2 + 1,"256,310",€7.20,"€1,845,432"
09.08.2013,Friday,"Friday, 9th August 2013","€13,000,000",07 26 32 34 49,01 06,5 + 2,0,"€13,000,000","€13,000,000"
09.08.2013,Friday,"Friday, 9th August 2013","€13,000,000",07 26 32 34 49,01 06,5 + 1,0,€0.00,€0
09.08.2013,Friday,"Friday, 9th August 2013","€13,000,000",07 26 32 34 49,01 06,5 + 0,0,€0.00,€0
09.08.2013,Friday,"Friday, 9th August 2013","€13,000,000",07 26 32 34 49,01 06,4 + 2,22,"€4,461.70","€98,157"
09.08.2013,Friday,"Friday, 9th August 2013","€13,000,000",07 26 32 34 49,01 06,4 + 1,335,€231.90,"€77,687"
09.08.2013,Friday,"Friday, 9th August 2013","€13,000,000",07 26 32 34 49,01 06,4 + 0,437,€112.30,"€49,075"
09.08.2013,Friday,"Friday, 9th August 2013","€13,000,000",07 26 32 34 49,01 06,3 + 2,"1,193",€58.20,"€69,433"
09.08.2013,Friday,"Friday, 9th August 2013","€13,000,000",07 26 32 34 49,01 06,2 + 2,"15,213",€22.00,"€334,686"
09.08.2013,Friday,"Friday, 9th August 2013","€13,000,000",07 26 32 34 49,01 06,3 + 1,"17,532",€16.00,"€280,512"
09.08.2013,Friday,"Friday, 9th August 2013","€13,000,000",07 26 32 34 49,01 06,3 + 0,"22,177",€13.20,"€292,736"
09.08.2013,Friday,"Friday, 9th August 2013","€13,000,000",07 26 32 34 49,01 06,1 + 2,"92,601",€10.60,"€981,571"
09.08.2013,Friday,"Friday, 9th August 2013","€13,000,000",07 26 32 34 49,01 06,2 + 1,"216,919",€8.60,"€1,865,503"
16.08.2013,Friday,"Friday, 16th August 2013","€15,541,392",05 32 33 38 49,03 08,5 + 2,1,"€15,541,392","€15,541,392"
16.08.2013,Friday,"Friday, 16th August 2013","€15,541,392",05 32 33 38 49,03 08,5 + 1,2,"€407,660.40","€815,321"
16.08.2013,Friday,"Friday, 16th August 2013","€15,541,392",05 32 33 38 49,03 08,5 + 0,1,"€211,983.40","€211,983"
16.08.2013,Friday,"Friday, 16th August 2013","€15,541,392",05 32 33 38 49,03 08,4 + 2,32,"€3,047.40","€97,517"
16.08.2013,Friday,"Friday, 16th August 2013","€15,541,392",05 32 33 38 49,03 08,4 + 1,361,€213.80,"€77,182"
16.08.2013,Friday,"Friday, 16th August 2013","€15,541,392",05 32 33 38 49,03 08,4 + 0,440,€110.80,"€48,752"
16.08.2013,Friday,"Friday, 16th August 2013","€15,541,392",05 32 33 38 49,03 08,3 + 2,"1,459",€47.30,"€69,011"
16.08.2013,Friday,"Friday, 16th August 2013","€15,541,392",05 32 33 38 49,03 08,2 + 2,"15,110",€22.00,"€332,420"
16.08.2013,Friday,"Friday, 16th August 2013","€15,541,392",05 32 33 38 49,03 08,3 + 1,"21,298",€14.30,"€304,561"
16.08.2013,Friday,"Friday, 16th August 2013","€15,541,392",05 32 33 38 49,03 08,3 + 0,"18,511",€14.30,"€264,707"
16.08.2013,Friday,"Friday, 16th August 2013","€15,541,392",05 32 33 38 49,03 08,1 + 2,"110,928",€8.70,"€965,074"
16.08.2013,Friday,"Friday, 16th August 2013","€15,541,392",05 32 33 38 49,03 08,2 + 1,"231,175",€8.00,"€1,849,400"
23.08.2013,Friday,"Friday, 23rd August 2013","€10,000,000",04 10 25 30 47,02 03,5 + 2,0,"€10,000,000","€10,000,000"
23.08.2013,Friday,"Friday, 23rd August 2013","€10,000,000",04 10 25 30 47,02 03,5 + 1,3,"€125,221.80","€375,665"
23.08.2013,Friday,"Friday, 23rd August 2013","€10,000,000",04 10 25 30 47,02 03,5 + 0,8,"€12,209.10","€97,673"
23.08.2013,Friday,"Friday, 23rd August 2013","€10,000,000",04 10 25 30 47,02 03,4 + 2,19,"€4,745.20","€90,159"
23.08.2013,Friday,"Friday, 23rd August 2013","€10,000,000",04 10 25 30 47,02 03,4 + 1,360,€198.20,"€71,352"
23.08.2013,Friday,"Friday, 23rd August 2013","€10,000,000",04 10 25 30 47,02 03,4 + 0,423,€106.50,"€45,050"
23.08.2013,Friday,"Friday, 23rd August 2013","€10,000,000",04 10 25 30 47,02 03,3 + 2,997,€64.00,"€63,808"
23.08.2013,Friday,"Friday, 23rd August 2013","€10,000,000",04 10 25 30 47,02 03,2 + 2,"15,795",€19.50,"€308,003"
23.08.2013,Friday,"Friday, 23rd August 2013","€10,000,000",04 10 25 30 47,02 03,3 + 1,"14,379",€18.00,"€258,822"
23.08.2013,Friday,"Friday, 23rd August 2013","€10,000,000",04 10 25 30 47,02 03,3 + 0,"17,785",€15.20,"€270,332"
23.08.2013,Friday,"Friday, 23rd August 2013","€10,000,000",04 10 25 30 47,02 03,1 + 2,"76,905",€11.70,"€899,789"
23.08.2013,Friday,"Friday, 23rd August 2013","€10,000,000",04 10 25 30 47,02 03,2 + 1,"226,817",€7.60,"€1,723,809"
30.08.2013,Friday,"Friday, 30th August 2013","€11,000,000",06 09 10 17 43,02 08,5 + 2,0,"€11,000,000","€11,000,000"
30.08.2013,Friday,"Friday, 30th August 2013","€11,000,000",06 09 10 17 43,02 08,5 + 1,2,"€191,998.30","€383,997"
30.08.2013,Friday,"Friday, 30th August 2013","€11,000,000",06 09 10 17 43,02 08,5 + 0,1,"€99,839.10","€99,839"
30.08.2013,Friday,"Friday, 30th August 2013","€11,000,000",06 09 10 17 43,02 08,4 + 2,33,"€2,792.70","€92,159"
30.08.2013,Friday,"Friday, 30th August 2013","€11,000,000",06 09 10 17 43,02 08,4 + 1,382,€190.90,"€72,924"
30.08.2013,Friday,"Friday, 30th August 2013","€11,000,000",06 09 10 17 43,02 08,4 + 0,475,€97.00,"€46,075"
30.08.2013,Friday,"Friday, 30th August 2013","€11,000,000",06 09 10 17 43,02 08,3 + 2,"1,446",€45.10,"€65,215"
30.08.2013,Friday,"Friday, 30th August 2013","€11,000,000",06 09 10 17 43,02 08,2 + 2,"16,635",€18.90,"€314,402"
30.08.2013,Friday,"Friday, 30th August 2013","€11,000,000",06 09 10 17 43,02 08,3 + 1,"19,925",€13.20,"€263,010"
30.08.2013,Friday,"Friday, 30th August 2013","€11,000,000",06 09 10 17 43,02 08,3 + 0,"21,915",€12.60,"€276,129"
30.08.2013,Friday,"Friday, 30th August 2013","€11,000,000",06 09 10 17 43,02 08,1 + 2,"100,280",€9.10,"€912,548"
30.08.2013,Friday,"Friday, 30th August 2013","€11,000,000",06 09 10 17 43,02 08,2 + 1,"233,003",€7.50,"€1,747,523"
06.09.2013,Friday,"Friday, 6th September 2013","€13,000,000",03 07 20 32 44,04 05,5 + 2,0,"€13,000,000","€13,000,000"
06.09.2013,Friday,"Friday, 6th September 2013","€13,000,000",03 07 20 32 44,04 05,5 + 1,0,€0.00,€0
06.09.2013,Friday,"Friday, 6th September 2013","€13,000,000",03 07 20 32 44,04 05,5 + 0,2,"€50,544.00","€101,088"
06.09.2013,Friday,"Friday, 6th September 2013","€13,000,000",03 07 20 32 44,04 05,4 + 2,31,"€3,010.00","€93,310"
06.09.2013,Friday,"Friday, 6th September 2013","€13,000,000",03 07 20 32 44,04 05,4 + 1,409,€180.60,"€73,865"
06.09.2013,Friday,"Friday, 6th September 2013","€13,000,000",03 07 20 32 44,04 05,4 + 0,494,€94.40,"€46,634"
06.09.2013,Friday,"Friday, 6th September 2013","€13,000,000",03 07 20 32 44,04 05,3 + 2,"1,316",€50.20,"€66,063"
06.09.2013,Friday,"Friday, 6th September 2013","€13,000,000",03 07 20 32 44,04 05,2 + 2,"16,087",€19.80,"€318,523"
06.09.2013,Friday,"Friday, 6th September 2013","€13,000,000",03 07 20 32 44,04 05,3 + 1,"18,933",€14.10,"€266,955"
06.09.2013,Friday,"Friday, 6th September 2013","€13,000,000",03 07 20 32 44,04 05,3 + 0,"20,693",€13.50,"€279,356"
06.09.2013,Friday,"Friday, 6th September 2013","€13,000,000",03 07 20 32 44,04 05,1 + 2,"98,229",€9.40,"€923,353"
06.09.2013,Friday,"Friday, 6th September 2013","€13,000,000",03 07 20 32 44,04 05,2 + 1,"229,713",€7.70,"€1,768,790"
13.09.2013,Friday,"Friday, 13th September 2013","€15,000,000",03 10 18 31 43,01 07,5 + 2,0,"€15,000,000","€15,000,000"
13.09.2013,Friday,"Friday, 13th September 2013","€15,000,000",03 10 18 31 43,01 07,5 + 1,2,"€400,300.40","€800,601"
13.09.2013,Friday,"Friday, 13th September 2013","€15,000,000",03 10 18 31 43,01 07,5 + 0,0,€0.00,€0
13.09.2013,Friday,"Friday, 13th September 2013","€15,000,000",03 10 18 31 43,01 07,4 + 2,36,"€2,745.30","€98,831"
13.09.2013,Friday,"Friday, 13th September 2013","€15,000,000",03 10 18 31 43,01 07,4 + 1,411,€190.30,"€78,213"
13.09.2013,Friday,"Friday, 13th September 2013","€15,000,000",03 10 18 31 43,01 07,4 + 0,514,€96.10,"€49,395"
13.09.2013,Friday,"Friday, 13th September 2013","€15,000,000",03 10 18 31 43,01 07,3 + 2,"1,373",€50.90,"€69,886"
13.09.2013,Friday,"Friday, 13th September 2013","€15,000,000",03 10 18 31 43,01 07,2 + 2,"16,771",€20.10,"€337,097"
13.09.2013,Friday,"Friday, 13th September 2013","€15,000,000",03 10 18 31 43,01 07,3 + 1,"19,304",€14.70,"€283,769"
13.09.2013,Friday,"Friday, 13th September 2013","€15,000,000",03 10 18 31 43,01 07,3 + 0,"20,875",€14.20,"€296,425"
13.09.2013,Friday,"Friday, 13th September 2013","€15,000,000",03 10 18 31 43,01 07,1 + 2,"102,457",€9.60,"€983,587"
13.09.2013,Friday,"Friday, 13th September 2013","€15,000,000",03 10 18 31 43,01 07,2 + 1,"235,178",€8.00,"€1,881,424"
20.09.2013,Friday,"Friday, 20th September 2013","€17,000,000",02 06 15 18 24,05 07,5 + 2,0,"€17,000,000","€17,000,000"
20.09.2013,Friday,"Friday, 20th September 2013","€17,000,000",02 06 15 18 24,05 07,5 + 1,3,"€138,630.60","€415,892"
20.09.2013,Friday,"Friday, 20th September 2013","€17,000,000",02 06 15 18 24,05 07,5 + 0,5,"€43,039.90","€215,200"
20.09.2013,Friday,"Friday, 20th September 2013","€17,000,000",02 06 15 18 24,05 07,4 + 2,39,"€2,559.30","€99,813"
20.09.2013,Friday,"Friday, 20th September 2013","€17,000,000",02 06 15 18 24,05 07,4 + 1,472,€167.40,"€79,013"
20.09.2013,Friday,"Friday, 20th September 2013","€17,000,000",02 06 15 18 24,05 07,4 + 0,644,€77.40,"€49,846"
20.09.2013,Friday,"Friday, 20th September 2013","€17,000,000",02 06 15 18 24,05 07,3 + 2,"1,531",€46.10,"€70,579"
20.09.2013,Friday,"Friday, 20th September 2013","€17,000,000",02 06 15 18 24,05 07,2 + 2,"19,296",€17.60,"€339,610"
20.09.2013,Friday,"Friday, 20th September 2013","€17,000,000",02 06 15 18 24,05 07,3 + 1,"21,147",€13.50,"€285,485"
20.09.2013,Friday,"Friday, 20th September 2013","€17,000,000",02 06 15 18 24,05 07,3 + 0,"23,669",€12.60,"€298,229"
20.09.2013,Friday,"Friday, 20th September 2013","€17,000,000",02 06 15 18 24,05 07,1 + 2,"113,908",€8.70,"€991,000"
20.09.2013,Friday,"Friday, 20th September 2013","€17,000,000",02 06 15 18 24,05 07,2 + 1,"257,832",€7.40,"€1,907,957"
27.09.2013,Friday,"Friday, 27th September 2013","€21,256,582",06 10 21 34 36,01 04,5 + 2,1,"€21,256,582","€21,256,582"
27.09.2013,Friday,"Friday, 27th September 2013","€21,256,582",06 10 21 34 36,01 04,5 + 1,6,"€74,374.10","€446,245"
27.09.2013,Friday,"Friday, 27th September 2013","€21,256,582",06 10 21 34 36,01 04,5 + 0,2,"€58,011.80","€116,024"
27.09.2013,Friday,"Friday, 27th September 2013","€21,256,582",06 10 21 34 36,01 04,4 + 2,26,"€4,119.10","€107,097"
27.09.2013,Friday,"Friday, 27th September 2013","€21,256,582",06 10 21 34 36,01 04,4 + 1,352,€240.80,"€84,762"
27.09.2013,Friday,"Friday, 27th September 2013","€21,256,582",06 10 21 34 36,01 04,4 + 0,508,€105.40,"€53,543"
27.09.2013,Friday,"Friday, 27th September 2013","€21,256,582",06 10 21 34 36,01 04,3 + 2,"1,264",€60.00,"€75,840"
27.09.2013,Friday,"Friday, 27th September 2013","€21,256,582",06 10 21 34 36,01 04,2 + 2,"15,941",€22.90,"€365,049"
27.09.2013,Friday,"Friday, 27th September 2013","€21,256,582",06 10 21 34 36,01 04,3 + 1,"18,252",€16.80,"€306,634"
27.09.2013,Friday,"Friday, 27th September 2013","€21,256,582",06 10 21 34 36,01 04,3 + 0,"22,164",€14.40,"€319,162"
27.09.2013,Friday,"Friday, 27th September 2013","€21,256,582",06 10 21 34 36,01 04,1 + 2,"96,643",€11.00,"€1,063,073"
27.09.2013,Friday,"Friday, 27th September 2013","€21,256,582",06 10 21 34 36,01 04,2 + 1,"238,822",€8.50,"€2,029,987"
04.10.2013,Friday,"Friday, 4th October 2013","€10,000,000",01 07 16 21 48,01 08,5 + 2,0,"€10,000,000","€10,000,000"
04.10.2013,Friday,"Friday, 4th October 2013","€10,000,000",01 07 16 21 48,01 08,5 + 1,1,"€376,460.60","€376,461"
04.10.2013,Friday,"Friday, 4th October 2013","€10,000,000",01 07 16 21 48,01 08,5 + 0,1,"€97,879.70","€97,880"
04.10.2013,Friday,"Friday, 4th October 2013","€10,000,000",01 07 16 21 48,01 08,4 + 2,17,"€5,314.70","€90,350"
04.10.2013,Friday,"Friday, 4th October 2013","€10,000,000",01 07 16 21 48,01 08,4 + 1,269,€265.90,"€71,527"
04.10.2013,Friday,"Friday, 4th October 2013","€10,000,000",01 07 16 21 48,01 08,4 + 0,355,€127.20,"€45,156"
04.10.2013,Friday,"Friday, 4th October 2013","€10,000,000",01 07 16 21 48,01 08,3 + 2,"1,097",€58.30,"€63,955"
04.10.2013,Friday,"Friday, 4th October 2013","€10,000,000",01 07 16 21 48,01 08,2 + 2,"13,721",€22.40,"€307,350"
04.10.2013,Friday,"Friday, 4th October 2013","€10,000,000",01 07 16 21 48,01 08,3 + 1,"18,147",€14.40,"€261,317"
04.10.2013,Friday,"Friday, 4th October 2013","€10,000,000",01 07 16 21 48,01 08,3 + 0,"18,668",€14.40,"€268,819"
04.10.2013,Friday,"Friday, 4th October 2013","€10,000,000",01 07 16 21 48,01 08,1 + 2,"93,795",€9.60,"€900,432"
04.10.2013,Friday,"Friday, 4th October 2013","€10,000,000",01 07 16 21 48,01 08,2 + 1,"200,700",€8.60,"€1,726,020"
11.10.2013,Friday,"Friday, 11th October 2013","€11,000,000",02 11 23 29 34,07 08,5 + 2,0,"€11,000,000","€11,000,000"
11.10.2013,Friday,"Friday, 11th October 2013","€11,000,000",02 11 23 29 34,07 08,5 + 1,3,"€123,994.50","€371,984"
11.10.2013,Friday,"Friday, 11th October 2013","€11,000,000",02 11 23 29 34,07 08,5 + 0,2,"€48,357.80","€96,716"
11.10.2013,Friday,"Friday, 11th October 2013","€11,000,000",02 11 23 29 34,07 08,4 + 2,25,"€3,571.00","€89,275"
11.10.2013,Friday,"Friday, 11th October 2013","€11,000,000",02 11 23 29 34,07 08,4 + 1,366,€193.10,"€70,675"
11.10.2013,Friday,"Friday, 11th October 2013","€11,000,000",02 11 23 29 34,07 08,4 + 0,454,€98.30,"€44,628"
11.10.2013,Friday,"Friday, 11th October 2013","€11,000,000",02 11 23 29 34,07 08,3 + 2,971,€65.10,"€63,212"
11.10.2013,Friday,"Friday, 11th October 2013","€11,000,000",02 11 23 29 34,07 08,2 + 2,"16,597",€18.30,"€303,725"
11.10.2013,Friday,"Friday, 11th October 2013","€11,000,000",02 11 23 29 34,07 08,3 + 1,"14,594",€17.50,"€255,395"
11.10.2013,Friday,"Friday, 11th October 2013","€11,000,000",02 11 23 29 34,07 08,3 + 0,"19,873",€13.40,"€266,298"
11.10.2013,Friday,"Friday, 11th October 2013","€11,000,000",02 11 23 29 34,07 08,1 + 2,"77,179",€11.50,"€887,559"
11.10.2013,Friday,"Friday, 11th October 2013","€11,000,000",02 11 23 29 34,07 08,2 + 1,"235,949",€7.20,"€1,698,833"
18.10.2013,Friday,"Friday, 18th October 2013","€13,308,948",07 22 24 25 41,01 03,5 + 2,1,"€13,308,948","€13,308,948"
18.10.2013,Friday,"Friday, 18th October 2013","€13,308,948",07 22 24 25 41,01 03,5 + 1,2,"€190,024.90","€380,050"
18.10.2013,Friday,"Friday, 18th October 2013","€13,308,948",07 22 24 25 41,01 03,5 + 0,1,"€98,812.90","€98,813"
18.10.2013,Friday,"Friday, 18th October 2013","€13,308,948",07 22 24 25 41,01 03,4 + 2,26,"€3,508.10","€91,211"
18.10.2013,Friday,"Friday, 18th October 2013","€13,308,948",07 22 24 25 41,01 03,4 + 1,283,€255.10,"€72,193"
18.10.2013,Friday,"Friday, 18th October 2013","€13,308,948",07 22 24 25 41,01 03,4 + 0,379,€120.30,"€45,594"
18.10.2013,Friday,"Friday, 18th October 2013","€13,308,948",07 22 24 25 41,01 03,3 + 2,"1,096",€58.90,"€64,554"
18.10.2013,Friday,"Friday, 18th October 2013","€13,308,948",07 22 24 25 41,01 03,2 + 2,"15,229",€20.40,"€310,672"
18.10.2013,Friday,"Friday, 18th October 2013","€13,308,948",07 22 24 25 41,01 03,3 + 1,"16,009",€16.30,"€260,947"
18.10.2013,Friday,"Friday, 18th October 2013","€13,308,948",07 22 24 25 41,01 03,3 + 0,"18,990",€14.40,"€273,456"
18.10.2013,Friday,"Friday, 18th October 2013","€13,308,948",07 22 24 25 41,01 03,1 + 2,"85,279",€10.60,"€903,957"
18.10.2013,Friday,"Friday, 18th October 2013","€13,308,948",07 22 24 25 41,01 03,2 + 1,"229,355",€7.60,"€1,743,098"
25.10.2013,Friday,"Friday, 25th October 2013","€10,000,000",09 25 39 41 46,02 08,5 + 2,0,"€10,000,000","€10,000,000"
25.10.2013,Friday,"Friday, 25th October 2013","€10,000,000",09 25 39 41 46,02 08,5 + 1,0,€0.00,€0
25.10.2013,Friday,"Friday, 25th October 2013","€10,000,000",09 25 39 41 46,02 08,5 + 0,0,€0.00,€0
25.10.2013,Friday,"Friday, 25th October 2013","€10,000,000",09 25 39 41 46,02 08,4 + 2,29,"€2,974.10","€86,249"
25.10.2013,Friday,"Friday, 25th October 2013","€10,000,000",09 25 39 41 46,02 08,4 + 1,298,€229.10,"€68,272"
25.10.2013,Friday,"Friday, 25th October 2013","€10,000,000",09 25 39 41 46,02 08,4 + 0,357,€120.70,"€43,090"
25.10.2013,Friday,"Friday, 25th October 2013","€10,000,000",09 25 39 41 46,02 08,3 + 2,"1,033",€59.10,"€61,050"
25.10.2013,Friday,"Friday, 25th October 2013","€10,000,000",09 25 39 41 46,02 08,2 + 2,"12,154",€24.20,"€294,127"
25.10.2013,Friday,"Friday, 25th October 2013","€10,000,000",09 25 39 41 46,02 08,3 + 1,"15,740",€16.00,"€251,840"
25.10.2013,Friday,"Friday, 25th October 2013","€10,000,000",09 25 39 41 46,02 08,3 + 0,"15,832",€16.00,"€253,312"
25.10.2013,Friday,"Friday, 25th October 2013","€10,000,000",09 25 39 41 46,02 08,1 + 2,"89,259",€9.60,"€856,886"
25.10.2013,Friday,"Friday, 25th October 2013","€10,000,000",09 25 39 41 46,02 08,2 + 1,"185,394",€8.80,"€1,631,467"
01.11.2013,Friday,"Friday, 1st November 2013","€11,000,000",07 10 13 26 27,05 08,5 + 2,0,"€11,000,000","€11,000,000"
01.11.2013,Friday,"Friday, 1st November 2013","€11,000,000",07 10 13 26 27,05 08,5 + 1,1,"€712,833.90","€712,834"
01.11.2013,Friday,"Friday, 1st November 2013","€11,000,000",07 10 13 26 27,05 08,5 + 0,2,"€92,668.40","€185,337"
01.11.2013,Friday,"Friday, 1st November 2013","€11,000,000",07 10 13 26 27,05 08,4 + 2,30,"€2,827.70","€84,831"
01.11.2013,Friday,"Friday, 1st November 2013","€11,000,000",07 10 13 26 27,05 08,4 + 1,468,€143.40,"€67,111"
01.11.2013,Friday,"Friday, 1st November 2013","€11,000,000",07 10 13 26 27,05 08,4 + 0,662,€64.00,"€42,368"
01.11.2013,Friday,"Friday, 1st November 2013","€11,000,000",07 10 13 26 27,05 08,3 + 2,"1,471",€40.80,"€60,017"
01.11.2013,Friday,"Friday, 1st November 2013","€11,000,000",07 10 13 26 27,05 08,2 + 2,"20,352",€14.20,"€288,998"
01.11.2013,Friday,"Friday, 1st November 2013","€11,000,000",07 10 13 26 27,05 08,3 + 1,"18,965",€12.80,"€242,752"
01.11.2013,Friday,"Friday, 1st November 2013","€11,000,000",07 10 13 26 27,05 08,3 + 0,"27,219",€9.50,"€258,581"
01.11.2013,Friday,"Friday, 1st November 2013","€11,000,000",07 10 13 26 27,05 08,1 + 2,"88,504",€9.50,"€840,788"
01.11.2013,Friday,"Friday, 1st November 2013","€11,000,000",07 10 13 26 27,05 08,2 + 1,"250,401",€6.40,"€1,602,566"
08.11.2013,Friday,"Friday, 8th November 2013","€13,000,000",18 25 28 34 42,03 04,5 + 2,0,"€13,000,000","€13,000,000"
08.11.2013,Friday,"Friday, 8th November 2013","€13,000,000",18 25 28 34 42,03 04,5 + 1,4,"€95,627.00","€382,508"
08.11.2013,Friday,"Friday, 8th November 2013","€13,000,000",18 25 28 34 42,03 04,5 + 0,3,"€33,150.70","€99,452"
08.11.2013,Friday,"Friday, 8th November 2013","€13,000,000",18 25 28 34 42,03 04,4 + 2,33,"€2,781.80","€91,799"
08.11.2013,Friday,"Friday, 8th November 2013","€13,000,000",18 25 28 34 42,03 04,4 + 1,374,€194.30,"€72,668"
08.11.2013,Friday,"Friday, 8th November 2013","€13,000,000",18 25 28 34 42,03 04,4 + 0,384,€119.50,"€45,888"
08.11.2013,Friday,"Friday, 8th November 2013","€13,000,000",18 25 28 34 42,03 04,3 + 2,"1,225",€53.00,"€64,925"
08.11.2013,Friday,"Friday, 8th November 2013","€13,000,000",18 25 28 34 42,03 04,2 + 2,"16,440",€19.00,"€312,360"
08.11.2013,Friday,"Friday, 8th November 2013","€13,000,000",18 25 28 34 42,03 04,3 + 1,"17,050",€15.40,"€262,570"
08.11.2013,Friday,"Friday, 8th November 2013","€13,000,000",18 25 28 34 42,03 04,3 + 0,"18,149",€15.10,"€274,050"
08.11.2013,Friday,"Friday, 8th November 2013","€13,000,000",18 25 28 34 42,03 04,1 + 2,"86,325",€10.60,"€915,045"
08.11.2013,Friday,"Friday, 8th November 2013","€13,000,000",18 25 28 34 42,03 04,2 + 1,"236,900",€7.40,"€1,753,060"
15.11.2013,Friday,"Friday, 15th November 2013","€15,000,000",03 19 32 43 48,04 08,5 + 2,0,"€15,000,000","€15,000,000"
15.11.2013,Friday,"Friday, 15th November 2013","€15,000,000",03 19 32 43 48,04 08,5 + 1,0,€0.00,€0
15.11.2013,Friday,"Friday, 15th November 2013","€15,000,000",03 19 32 43 48,04 08,5 + 0,0,€0.00,€0
15.11.2013,Friday,"Friday, 15th November 2013","€15,000,000",03 19 32 43 48,04 08,4 + 2,41,"€2,300.70","€94,329"
15.11.2013,Friday,"Friday, 15th November 2013","€15,000,000",03 19 32 43 48,04 08,4 + 1,357,€209.10,"€74,649"
15.11.2013,Friday,"Friday, 15th November 2013","€15,000,000",03 19 32 43 48,04 08,4 + 0,516,€91.40,"€47,162"
15.11.2013,Friday,"Friday, 15th November 2013","€15,000,000",03 19 32 43 48,04 08,3 + 2,"1,283",€52.00,"€66,716"
15.11.2013,Friday,"Friday, 15th November 2013","€15,000,000",03 19 32 43 48,04 08,2 + 2,"14,908",€21.60,"€322,013"
15.11.2013,Friday,"Friday, 15th November 2013","€15,000,000",03 19 32 43 48,04 08,3 + 1,"18,447",€14.70,"€271,171"
15.11.2013,Friday,"Friday, 15th November 2013","€15,000,000",03 19 32 43 48,04 08,3 + 0,"20,851",€13.50,"€281,489"
15.11.2013,Friday,"Friday, 15th November 2013","€15,000,000",03 19 32 43 48,04 08,1 + 2,"96,704",€9.70,"€938,029"
15.11.2013,Friday,"Friday, 15th November 2013","€15,000,000",03 19 32 43 48,04 08,2 + 1,"213,081",€8.40,"€1,789,880"
22.11.2013,Friday,"Friday, 22nd November 2013","€16,000,000",01 38 39 42 47,01 02,5 + 2,0,"€16,000,000","€16,000,000"
22.11.2013,Friday,"Friday, 22nd November 2013","€16,000,000",01 38 39 42 47,01 02,5 + 1,2,"€398,102.90","€796,206"
22.11.2013,Friday,"Friday, 22nd November 2013","€16,000,000",01 38 39 42 47,01 02,5 + 0,2,"€103,506.70","€207,013"
22.11.2013,Friday,"Friday, 22nd November 2013","€16,000,000",01 38 39 42 47,01 02,4 + 2,27,"€3,583.50","€96,755"
22.11.2013,Friday,"Friday, 22nd November 2013","€16,000,000",01 38 39 42 47,01 02,4 + 1,224,€341.90,"€76,586"
22.11.2013,Friday,"Friday, 22nd November 2013","€16,000,000",01 38 39 42 47,01 02,4 + 0,263,€183.90,"€48,366"
22.11.2013,Friday,"Friday, 22nd November 2013","€16,000,000",01 38 39 42 47,01 02,3 + 2,949,€72.20,"€68,518"
22.11.2013,Friday,"Friday, 22nd November 2013","€16,000,000",01 38 39 42 47,01 02,2 + 2,"12,526",€26.30,"€329,434"
22.11.2013,Friday,"Friday, 22nd November 2013","€16,000,000",01 38 39 42 47,01 02,3 + 1,"14,221",€19.50,"€277,310"
22.11.2013,Friday,"Friday, 22nd November 2013","€16,000,000",01 38 39 42 47,01 02,3 + 0,"15,081",€19.20,"€289,555"
22.11.2013,Friday,"Friday, 22nd November 2013","€16,000,000",01 38 39 42 47,01 02,1 + 2,"78,482",€12.30,"€965,329"
22.11.2013,Friday,"Friday, 22nd November 2013","€16,000,000",01 38 39 42 47,01 02,2 + 1,"197,326",€9.30,"€1,835,132"
29.11.2013,Friday,"Friday, 29th November 2013","€18,000,000",17 25 32 35 45,04 07,5 + 2,0,"€18,000,000","€18,000,000"
29.11.2013,Friday,"Friday, 29th November 2013","€18,000,000",17 25 32 35 45,04 07,5 + 1,2,"€207,752.50","€415,505"
29.11.2013,Friday,"Friday, 29th November 2013","€18,000,000",17 25 32 35 45,04 07,5 + 0,1,"€108,031.30","€108,031"
29.11.2013,Friday,"Friday, 29th November 2013","€18,000,000",17 25 32 35 45,04 07,4 + 2,31,"€3,216.80","€99,721"
29.11.2013,Friday,"Friday, 29th November 2013","€18,000,000",17 25 32 35 45,04 07,4 + 1,420,€187.90,"€78,918"
29.11.2013,Friday,"Friday, 29th November 2013","€18,000,000",17 25 32 35 45,04 07,4 + 0,479,€104.00,"€49,816"
29.11.2013,Friday,"Friday, 29th November 2013","€18,000,000",17 25 32 35 45,04 07,3 + 2,"1,624",€43.40,"€70,482"
29.11.2013,Friday,"Friday, 29th November 2013","€18,000,000",17 25 32 35 45,04 07,2 + 2,"17,755",€19.10,"€339,121"
29.11.2013,Friday,"Friday, 29th November 2013","€18,000,000",17 25 32 35 45,04 07,3 + 1,"22,077",€13.30,"€293,624"
29.11.2013,Friday,"Friday, 29th November 2013","€18,000,000",17 25 32 35 45,04 07,3 + 0,"21,718",€13.30,"€288,849"
29.11.2013,Friday,"Friday, 29th November 2013","€18,000,000",17 25 32 35 45,04 07,1 + 2,"115,157",€8.60,"€990,350"
29.11.2013,Friday,"Friday, 29th November 2013","€18,000,000",17 25 32 35 45,04 07,2 + 1,"240,226",€7.90,"€1,897,785"
06.12.2013,Friday,"Friday, 6th December 2013","€21,047,335",01 08 18 25 47,02 07,5 + 2,1,"€21,047,335","€21,047,335"
06.12.2013,Friday,"Friday, 6th December 2013","€21,047,335",01 08 18 25 47,02 07,5 + 1,2,"€223,645.70","€447,291"
06.12.2013,Friday,"Friday, 6th December 2013","€21,047,335",01 08 18 25 47,02 07,5 + 0,0,€0.00,€0
06.12.2013,Friday,"Friday, 6th December 2013","€21,047,335",01 08 18 25 47,02 07,4 + 2,63,"€1,703.90","€107,346"
06.12.2013,Friday,"Friday, 6th December 2013","€21,047,335",01 08 18 25 47,02 07,4 + 1,388,€219.00,"€84,972"
06.12.2013,Friday,"Friday, 6th December 2013","€21,047,335",01 08 18 25 47,02 07,4 + 0,505,€106.20,"€53,631"
06.12.2013,Friday,"Friday, 6th December 2013","€21,047,335",01 08 18 25 47,02 07,3 + 2,"1,868",€40.70,"€76,028"
06.12.2013,Friday,"Friday, 6th December 2013","€21,047,335",01 08 18 25 47,02 07,2 + 2,"17,556",€20.80,"€365,165"
06.12.2013,Friday,"Friday, 6th December 2013","€21,047,335",01 08 18 25 47,02 07,3 + 1,"26,409",€12.90,"€340,676"
06.12.2013,Friday,"Friday, 6th December 2013","€21,047,335",01 08 18 25 47,02 07,3 + 0,"22,204",€12.90,"€286,432"
06.12.2013,Friday,"Friday, 6th December 2013","€21,047,335",01 08 18 25 47,02 07,1 + 2,"142,095",€7.80,"€1,108,341"
06.12.2013,Friday,"Friday, 6th December 2013","€21,047,335",01 08 18 25 47,02 07,2 + 1,"256,283",€7.80,"€1,999,007"
13.12.2013,Friday,"Friday, 13th December 2013","€10,000,000",09 19 24 28 49,02 08,5 + 2,0,"€10,000,000","€10,000,000"
13.12.2013,Friday,"Friday, 13th December 2013","€10,000,000",09 19 24 28 49,02 08,5 + 1,2,"€190,519.00","€381,038"
13.12.2013,Friday,"Friday, 13th December 2013","€10,000,000",09 19 24 28 49,02 08,5 + 0,2,"€107,682.80","€215,366"
13.12.2013,Friday,"Friday, 13th December 2013","€10,000,000",09 19 24 28 49,02 08,4 + 2,30,"€3,048.30","€91,449"
13.12.2013,Friday,"Friday, 13th December 2013","€10,000,000",09 19 24 28 49,02 08,4 + 1,374,€193.50,"€72,369"
13.12.2013,Friday,"Friday, 13th December 2013","€10,000,000",09 19 24 28 49,02 08,4 + 0,469,€97.40,"€45,681"
13.12.2013,Friday,"Friday, 13th December 2013","€10,000,000",09 19 24 28 49,02 08,3 + 2,"1,748",€37.00,"€64,676"
13.12.2013,Friday,"Friday, 13th December 2013","€10,000,000",09 19 24 28 49,02 08,2 + 2,"17,557",€17.70,"€310,759"
13.12.2013,Friday,"Friday, 13th December 2013","€10,000,000",09 19 24 28 49,02 08,3 + 1,"21,667",€12.10,"€262,171"
13.12.2013,Friday,"Friday, 13th December 2013","€10,000,000",09 19 24 28 49,02 08,3 + 0,"22,758",€12.00,"€273,096"
13.12.2013,Friday,"Friday, 13th December 2013","€10,000,000",09 19 24 28 49,02 08,1 + 2,"105,006",€8.70,"€913,552"
13.12.2013,Friday,"Friday, 13th December 2013","€10,000,000",09 19 24 28 49,02 08,2 + 1,"235,161",€7.40,"€1,740,191"
20.12.2013,Friday,"Friday, 20th December 2013","€11,000,000",09 12 22 37 40,06 08,5 + 2,0,"€11,000,000","€11,000,000"
20.12.2013,Friday,"Friday, 20th December 2013","€11,000,000",09 12 22 37 40,06 08,5 + 1,3,"€126,700.30","€380,101"
20.12.2013,Friday,"Friday, 20th December 2013","€11,000,000",09 12 22 37 40,06 08,5 + 0,4,"€24,706.50","€98,826"
20.12.2013,Friday,"Friday, 20th December 2013","€11,000,000",09 12 22 37 40,06 08,4 + 2,34,"€2,683.00","€91,222"
20.12.2013,Friday,"Friday, 20th December 2013","€11,000,000",09 12 22 37 40,06 08,4 + 1,414,€174.40,"€72,202"
20.12.2013,Friday,"Friday, 20th December 2013","€11,000,000",09 12 22 37 40,06 08,4 + 0,504,€90.50,"€45,612"
20.12.2013,Friday,"Friday, 20th December 2013","€11,000,000",09 12 22 37 40,06 08,3 + 2,"1,128",€57.20,"€64,522"
20.12.2013,Friday,"Friday, 20th December 2013","€11,000,000",09 12 22 37 40,06 08,2 + 2,"17,911",€17.40,"€311,651"
20.12.2013,Friday,"Friday, 20th December 2013","€11,000,000",09 12 22 37 40,06 08,3 + 1,"15,284",€17.10,"€261,356"
20.12.2013,Friday,"Friday, 20th December 2013","€11,000,000",09 12 22 37 40,06 08,3 + 0,"21,905",€12.40,"€271,622"
20.12.2013,Friday,"Friday, 20th December 2013","€11,000,000",09 12 22 37 40,06 08,1 + 2,"78,891",€11.50,"€907,247"
20.12.2013,Friday,"Friday, 20th December 2013","€11,000,000",09 12 22 37 40,06 08,2 + 1,"231,010",€7.50,"€1,732,575"
27.12.2013,Friday,"Friday, 27th December 2013","€13,000,000",02 15 33 40 43,03 07,5 + 2,0,"€13,000,000","€13,000,000"
27.12.2013,Friday,"Friday, 27th December 2013","€13,000,000",02 15 33 40 43,03 07,5 + 1,0,€0.00,€0
27.12.2013,Friday,"Friday, 27th December 2013","€13,000,000",02 15 33 40 43,03 07,5 + 0,1,"€95,762.60","€95,763"
27.12.2013,Friday,"Friday, 27th December 2013","€13,000,000",02 15 33 40 43,03 07,4 + 2,22,"€4,018.00","€88,396"
27.12.2013,Friday,"Friday, 27th December 2013","€13,000,000",02 15 33 40 43,03 07,4 + 1,275,€254.40,"€69,960"
27.12.2013,Friday,"Friday, 27th December 2013","€13,000,000",02 15 33 40 43,03 07,4 + 0,294,€150.30,"€44,188"
27.12.2013,Friday,"Friday, 27th December 2013","€13,000,000",02 15 33 40 43,03 07,3 + 2,"1,381",€45.30,"€62,559"
27.12.2013,Friday,"Friday, 27th December 2013","€13,000,000",02 15 33 40 43,03 07,2 + 2,"12,787",€23.60,"€301,773"
27.12.2013,Friday,"Friday, 27th December 2013","€13,000,000",02 15 33 40 43,03 07,3 + 1,"21,593",€14.10,"€304,461"
27.12.2013,Friday,"Friday, 27th December 2013","€13,000,000",02 15 33 40 43,03 07,3 + 0,"15,186",€14.10,"€214,123"
27.12.2013,Friday,"Friday, 27th December 2013","€13,000,000",02 15 33 40 43,03 07,1 + 2,"127,014",€7.90,"€1,003,411"
27.12.2013,Friday,"Friday, 27th December 2013","€13,000,000",02 15 33 40 43,03 07,2 + 1,"195,708",€7.90,"€1,546,093"
